average density,flow rate
0.8141999999999999,0.08759999999999998
0.5420999999999997,0.24819999999999998
