denisty of bus,flow rate
0.3551180282032403,0.2725564000000005
